Workbook

Sheet Lisez-moi
A1: Suivi des stocks d'un service de banquet
A2: Projet Excel : point de commande, couverture, analyse ABC et tableau de bord. Données fictives.
A4: Objectif | B4: Savoir en un coup d'œil quels articles commander, lesquels sont en surstock, et où se concentre la valeur du stock.
A5: Onglets | B5: Paramètres : les règles de gestion modifiables. Articles : la base de données et tous les calculs. ABC : classement des articles par coût annuel. Synthèse : petits tableaux qui alimentent les graphiques. Tableau de bord : indicateurs et graphiques.
A6: Pour l'utiliser | B6: Modifiez seulement les cellules en texte bleu (paramètres, coûts, délais, stocks et sorties mensuelles). Tout le reste se recalcule.
A7: Légende | B7: Texte bleu = donnée saisie. Texte noir = formule. Statut en rouge = rupture, orange = à commander, bleu = surstock, vert = niveau correct.
A8: Note sur les données | B8: Les articles, les quantités et les coûts sont inventés pour la démonstration. Ils ne proviennent d'aucune entreprise.

Sheet Tableau de bord
A1: Tableau de bord : stocks du service de banquet
A2: Données fictives, janvier à juin. Se met à jour quand on modifie l'onglet Articles.
A4: Valeur du stock | C4: Articles à commander ou en rupture | E4: Montant à commander | G4: Couverture moyenne (jours) | I4: Articles en surstock
A5: =Articles!U20 -> 29185 | C5: =COUNTIF(Articles!$R$5:$R$19,"À commander")+COUNTIF(Articles!$R$5:$R$19,"Rupture") -> 5 | E5: =Articles!T20 -> 3497.8 | G5: =AVERAGE(Articles!$Q$5:$Q$19) -> 84.336674 | I5: =COUNTIF(Articles!$R$5:$R$19,"Surstock") -> 3
A58: Lecture : barres rouge et orange = articles à commander maintenant ; barres bleues = surstock à ne pas recommander. La courbe orange de l'analyse ABC montre que quelques articles concentrent l'essentiel du coût.

Sheet Paramètres
A1: Paramètres de gestion
A2: Modifiez les valeurs en bleu : tous les calculs du classeur suivent.
A3: Paramètre | B3: Valeur | C3: Rôle
A4: Jours par mois | B4: 30 | C4: Convertit la sortie mensuelle en sortie quotidienne.
A5: Jours de stock de sécurité | B5: 5 | C5: Réserve qui couvre les hausses de demande ou un retard de livraison.
A6: Couverture cible (jours) | B6: 45 | C6: Quand on commande, on remonte le stock jusqu'à ce nombre de jours de sorties.
A7: Couverture maximale (jours) | B7: 90 | C7: Au-delà, l'article est en surstock.
A8: Seuil de la classe A | B8: 0.8 | C8: Les articles qui font les premiers 80 % du coût annuel.
A9: Seuil de la classe B | B9: 0.95 | C9: Jusqu'à 95 % du coût annuel ; le reste est en classe C.

Sheet Articles
A1: Articles et calculs
A2: Colonnes G à L : sorties mensuelles (janvier à juin, fictives). Les colonnes M à V sont des formules.
A4: ID | B4: Article | C4: Catégorie | D4: Coût unitaire ($) | E4: Délai de livraison (jours) | F4: Stock actuel | G4: Janv. | H4: Févr. | I4: Mars | J4: Avr. | K4: Mai | L4: Juin | M4: Sortie moyenne par mois | N4: Sortie par jour | O4: Stock de sécurité | P4: Point de commande | Q4: Couverture (jours) | R4: Statut | S4: Quantité à commander | T4: Montant à commander ($) | U4: Valeur du stock ($) | V4: Coût annuel des sorties ($)
A5: ART-01 | B5: Nappes rondes blanches | C5: Linge | D5: 18.5 | E5: 14 | F5: 34 | G5: 40 | H5: 38 | I5: 45 | J5: 60 | K5: 78 | L5: 92 | M5: =AVERAGE(G5:L5) -> 58.833333 | N5: =M5/Paramètres!$B$4 -> 1.9611111 | O5: =ROUNDUP(N5*Paramètres!$B$5,0) -> 10 | P5: =ROUNDUP(N5*E5+O5,0) -> 38 | Q5: =IFERROR(F5/N5,0) -> 17.33711 | R5: =IF(F5<=0,"Rupture",IF(F5<=P5,"À commander",IF(Q5>Paramètres!$B$7,"Surstock","OK"))) -> À commander | S5: =IF(F5<=P5,MAX(0,ROUNDUP(N5*Paramètres!$B$6+O5-F5,0)),0) -> 65 | T5: =S5*D5 -> 1202.5 | U5: =F5*D5 -> 629 | V5: =M5*12*D5 -> 13061
A6: ART-02 | B6: Serviettes de table en tissu | C6: Linge | D6: 2.1 | E6: 10 | F6: 2400 | G6: 900 | H6: 850 | I6: 1000 | J6: 1300 | K6: 1600 | L6: 1850 | M6: =AVERAGE(G6:L6) -> 1250 | N6: =M6/Paramètres!$B$4 -> 41.666667 | O6: =ROUNDUP(N6*Paramètres!$B$5,0) -> 209 | P6: =ROUNDUP(N6*E6+O6,0) -> 626 | Q6: =IFERROR(F6/N6,0) -> 57.6 | R6: =IF(F6<=0,"Rupture",IF(F6<=P6,"À commander",IF(Q6>Paramètres!$B$7,"Surstock","OK"))) -> OK | S6: =IF(F6<=P6,MAX(0,ROUNDUP(N6*Paramètres!$B$6+O6-F6,0)),0) -> 0 | T6: =S6*D6 -> 0 | U6: =F6*D6 -> 5040 | V6: =M6*12*D6 -> 31500
A7: ART-03 | B7: Housses de chaise | C7: Linge | D7: 4.75 | E7: 14 | F7: 520 | G7: 120 | H7: 110 | I7: 140 | J7: 190 | K7: 230 | L7: 260 | M7: =AVERAGE(G7:L7) -> 175 | N7: =M7/Paramètres!$B$4 -> 5.8333333 | O7: =ROUNDUP(N7*Paramètres!$B$5,0) -> 30 | P7: =ROUNDUP(N7*E7+O7,0) -> 112 | Q7: =IFERROR(F7/N7,0) -> 89.142857 | R7: =IF(F7<=0,"Rupture",IF(F7<=P7,"À commander",IF(Q7>Paramètres!$B$7,"Surstock","OK"))) -> OK | S7: =IF(F7<=P7,MAX(0,ROUNDUP(N7*Paramètres!$B$6+O7-F7,0)),0) -> 0 | T7: =S7*D7 -> 0 | U7: =F7*D7 -> 2470 | V7: =M7*12*D7 -> 9975
A8: ART-04 | B8: Assiettes plates | C8: Vaisselle | D8: 6.4 | E8: 12 | F8: 520 | G8: 210 | H8: 190 | I8: 230 | J8: 310 | K8: 380 | L8: 420 | M8: =AVERAGE(G8:L8) -> 290 | N8: =M8/Paramètres!$B$4 -> 9.6666667 | O8: =ROUNDUP(N8*Paramètres!$B$5,0) -> 49 | P8: =ROUNDUP(N8*E8+O8,0) -> 165 | Q8: =IFERROR(F8/N8,0) -> 53.793103 | R8: =IF(F8<=0,"Rupture",IF(F8<=P8,"À commander",IF(Q8>Paramètres!$B$7,"Surstock","OK"))) -> OK | S8: =IF(F8<=P8,MAX(0,ROUNDUP(N8*Paramètres!$B$6+O8-F8,0)),0) -> 0 | T8: =S8*D8 -> 0 | U8: =F8*D8 -> 3328 | V8: =M8*12*D8 -> 22272
A9: ART-05 | B9: Assiettes à dessert | C9: Vaisselle | D9: 4.8 | E9: 12 | F9: 300 | G9: 150 | H9: 140 | I9: 170 | J9: 230 | K9: 290 | L9: 330 | M9: =AVERAGE(G9:L9) -> 218.33333 | N9: =M9/Paramètres!$B$4 -> 7.2777778 | O9: =ROUNDUP(N9*Paramètres!$B$5,0) -> 37 | P9: =ROUNDUP(N9*E9+O9,0) -> 125 | Q9: =IFERROR(F9/N9,0) -> 41.221374 | R9: =IF(F9<=0,"Rupture",IF(F9<=P9,"À commander",IF(Q9>Paramètres!$B$7,"Surstock","OK"))) -> OK | S9: =IF(F9<=P9,MAX(0,ROUNDUP(N9*Paramètres!$B$6+O9-F9,0)),0) -> 0 | T9: =S9*D9 -> 0 | U9: =F9*D9 -> 1440 | V9: =M9*12*D9 -> 12576
A10: ART-06 | B10: Bols à soupe | C10: Vaisselle | D10: 5.2 | E10: 12 | F10: 900 | G10: 60 | H10: 55 | I10: 65 | J10: 70 | K10: 60 | L10: 50 | M10: =AVERAGE(G10:L10) -> 60 | N10: =M10/Paramètres!$B$4 -> 2 | O10: =ROUNDUP(N10*Paramètres!$B$5,0) -> 10 | P10: =ROUNDUP(N10*E10+O10,0) -> 34 | Q10: =IFERROR(F10/N10,0) -> 450 | R10: =IF(F10<=0,"Rupture",IF(F10<=P10,"À commander",IF(Q10>Paramètres!$B$7,"Surstock","OK"))) -> Surstock | S10: =IF(F10<=P10,MAX(0,ROUNDUP(N10*Paramètres!$B$6+O10-F10,0)),0) -> 0 | T10: =S10*D10 -> 0 | U10: =F10*D10 -> 4680 | V10: =M10*12*D10 -> 3744
A11: ART-07 | B11: Fourchettes | C11: Vaisselle | D11: 1.95 | E11: 10 | F11: 1500 | G11: 300 | H11: 280 | I11: 330 | J11: 420 | K11: 520 | L11: 600 | M11: =AVERAGE(G11:L11) -> 408.33333 | N11: =M11/Paramètres!$B$4 -> 13.611111 | O11: =ROUNDUP(N11*Paramètres!$B$5,0) -> 69 | P11: =ROUNDUP(N11*E11+O11,0) -> 206 | Q11: =IFERROR(F11/N11,0) -> 110.20408 | R11: =IF(F11<=0,"Rupture",IF(F11<=P11,"À commander",IF(Q11>Paramètres!$B$7,"Surstock","OK"))) -> Surstock | S11: =IF(F11<=P11,MAX(0,ROUNDUP(N11*Paramètres!$B$6+O11-F11,0)),0) -> 0 | T11: =S11*D11 -> 0 | U11: =F11*D11 -> 2925 | V11: =M11*12*D11 -> 9555
A12: ART-08 | B12: Couteaux | C12: Vaisselle | D12: 2.15 | E12: 10 | F12: 900 | G12: 280 | H12: 260 | I12: 310 | J12: 400 | K12: 500 | L12: 570 | M12: =AVERAGE(G12:L12) -> 386.66667 | N12: =M12/Paramètres!$B$4 -> 12.888889 | O12: =ROUNDUP(N12*Paramètres!$B$5,0) -> 65 | P12: =ROUNDUP(N12*E12+O12,0) -> 194 | Q12: =IFERROR(F12/N12,0) -> 69.827586 | R12: =IF(F12<=0,"Rupture",IF(F12<=P12,"À commander",IF(Q12>Paramètres!$B$7,"Surstock","OK"))) -> OK | S12: =IF(F12<=P12,MAX(0,ROUNDUP(N12*Paramètres!$B$6+O12-F12,0)),0) -> 0 | T12: =S12*D12 -> 0 | U12: =F12*D12 -> 1935 | V12: =M12*12*D12 -> 9976
A13: ART-09 | B13: Verres à vin | C13: Verrerie | D13: 3.6 | E13: 15 | F13: 160 | G13: 190 | H13: 180 | I13: 210 | J13: 290 | K13: 360 | L13: 400 | M13: =AVERAGE(G13:L13) -> 271.66667 | N13: =M13/Paramètres!$B$4 -> 9.0555556 | O13: =ROUNDUP(N13*Paramètres!$B$5,0) -> 46 | P13: =ROUNDUP(N13*E13+O13,0) -> 182 | Q13: =IFERROR(F13/N13,0) -> 17.668712 | R13: =IF(F13<=0,"Rupture",IF(F13<=P13,"À commander",IF(Q13>Paramètres!$B$7,"Surstock","OK"))) -> À commander | S13: =IF(F13<=P13,MAX(0,ROUNDUP(N13*Paramètres!$B$6+O13-F13,0)),0) -> 294 | T13: =S13*D13 -> 1058.4 | U13: =F13*D13 -> 576 | V13: =M13*12*D13 -> 11736
A14: ART-10 | B14: Flûtes à champagne | C14: Verrerie | D14: 3.9 | E14: 15 | F14: 70 | G14: 80 | H14: 70 | I14: 90 | J14: 130 | K14: 170 | L14: 200 | M14: =AVERAGE(G14:L14) -> 123.33333 | N14: =M14/Paramètres!$B$4 -> 4.1111111 | O14: =ROUNDUP(N14*Paramètres!$B$5,0) -> 21 | P14: =ROUNDUP(N14*E14+O14,0) -> 83 | Q14: =IFERROR(F14/N14,0) -> 17.027027 | R14: =IF(F14<=0,"Rupture",IF(F14<=P14,"À commander",IF(Q14>Paramètres!$B$7,"Surstock","OK"))) -> À commander | S14: =IF(F14<=P14,MAX(0,ROUNDUP(N14*Paramètres!$B$6+O14-F14,0)),0) -> 136 | T14: =S14*D14 -> 530.4 | U14: =F14*D14 -> 273 | V14: =M14*12*D14 -> 5772
A15: ART-11 | B15: Verres à eau | C15: Verrerie | D15: 2.8 | E15: 15 | F15: 700 | G15: 170 | H15: 160 | I15: 190 | J15: 250 | K15: 300 | L15: 340 | M15: =AVERAGE(G15:L15) -> 235 | N15: =M15/Paramètres!$B$4 -> 7.8333333 | O15: =ROUNDUP(N15*Paramètres!$B$5,0) -> 40 | P15: =ROUNDUP(N15*E15+O15,0) -> 158 | Q15: =IFERROR(F15/N15,0) -> 89.361702 | R15: =IF(F15<=0,"Rupture",IF(F15<=P15,"À commander",IF(Q15>Paramètres!$B$7,"Surstock","OK"))) -> OK | S15: =IF(F15<=P15,MAX(0,ROUNDUP(N15*Paramètres!$B$6+O15-F15,0)),0) -> 0 | T15: =S15*D15 -> 0 | U15: =F15*D15 -> 1960 | V15: =M15*12*D15 -> 7896
A16: ART-12 | B16: Chandelles | C16: Consommables | D16: 0.85 | E16: 7 | F16: 4200 | G16: 500 | H16: 450 | I16: 600 | J16: 800 | K16: 1000 | L16: 1150 | M16: =AVERAGE(G16:L16) -> 750 | N16: =M16/Paramètres!$B$4 -> 25 | O16: =ROUNDUP(N16*Paramètres!$B$5,0) -> 125 | P16: =ROUNDUP(N16*E16+O16,0) -> 300 | Q16: =IFERROR(F16/N16,0) -> 168 | R16: =IF(F16<=0,"Rupture",IF(F16<=P16,"À commander",IF(Q16>Paramètres!$B$7,"Surstock","OK"))) -> Surstock | S16: =IF(F16<=P16,MAX(0,ROUNDUP(N16*Paramètres!$B$6+O16-F16,0)),0) -> 0 | T16: =S16*D16 -> 0 | U16: =F16*D16 -> 3570 | V16: =M16*12*D16 -> 7650
... A19: ART-15 | B19: Détergent à vaisselle (bidon) | C19: Entretien | D19: 28.5 | E19: 10 | F19: 0 | G19: 6 | H19: 5 | I19: 6 | J19: 8 | K19: 9 | L19: 10 | M19: =AVERAGE(G19:L19) -> 7.3333333 | N19: =M19/Paramètres!$B$4 -> 0.24444444 | O19: =ROUNDUP(N19*Paramètres!$B$5,0) -> 2 | P19: =ROUNDUP(N19*E19+O19,0) -> 5 | Q19: =IFERROR(F19/N19,0) -> 0 | R19: =IF(F19<=0,"Rupture",IF(F19<=P19,"À commander",IF(Q19>Paramètres!$B$7,"Surstock","OK"))) -> Rupture | S19: =IF(F19<=P19,MAX(0,ROUNDUP(N19*Paramètres!$B$6+O19-F19,0)),0) -> 13 | T19: =S19*D19 -> 370.5 | U19: =F19*D19 -> 0 | V19: =M19*12*D19 -> 2508
B20: Total | T20: =SUM(T5:T19) -> 3497.8 | U20: =SUM(U5:U19) -> 29185 | V20: =SUM(V5:V19) -> 152390.8

Sheet ABC
A1: Analyse ABC
A2: Articles classés du plus coûteux au moins coûteux (coût annuel des sorties). Classe A = articles à surveiller en priorité.
A4: Rang | B4: Article | C4: Coût annuel ($) | D4: Part du total | E4: Part cumulée | F4: Classe
A5: 1 | B5: =INDEX(Articles!$B$5:$B$19,MATCH(C5,Articles!$V$5:$V$19,0)) -> Serviettes de table en tissu | C5: =LARGE(Articles!$V$5:$V$19,A5) -> 31500 | D5: =C5/SUM($C$5:$C$19) -> 0.20670539 | E5: =SUM($D$5:D5) -> 0.20670539 | F5: =IF(E5-D5<Paramètres!$B$8,"A",IF(E5-D5<Paramètres!$B$9,"B","C")) -> A
A6: 2 | B6: =INDEX(Articles!$B$5:$B$19,MATCH(C6,Articles!$V$5:$V$19,0)) -> Assiettes plates | C6: =LARGE(Articles!$V$5:$V$19,A6) -> 22272 | D6: =C6/SUM($C$5:$C$19) -> 0.14615056 | E6: =SUM($D$5:D6) -> 0.35285595 | F6: =IF(E6-D6<Paramètres!$B$8,"A",IF(E6-D6<Paramètres!$B$9,"B","C")) -> A
A7: 3 | B7: =INDEX(Articles!$B$5:$B$19,MATCH(C7,Articles!$V$5:$V$19,0)) -> Nappes rondes blanches | C7: =LARGE(Articles!$V$5:$V$19,A7) -> 13061 | D7: =C7/SUM($C$5:$C$19) -> 0.085707274 | E7: =SUM($D$5:D7) -> 0.43856322 | F7: =IF(E7-D7<Paramètres!$B$8,"A",IF(E7-D7<Paramètres!$B$9,"B","C")) -> A
A8: 4 | B8: =INDEX(Articles!$B$5:$B$19,MATCH(C8,Articles!$V$5:$V$19,0)) -> Assiettes à dessert | C8: =LARGE(Articles!$V$5:$V$19,A8) -> 12576 | D8: =C8/SUM($C$5:$C$19) -> 0.082524667 | E8: =SUM($D$5:D8) -> 0.52108789 | F8: =IF(E8-D8<Paramètres!$B$8,"A",IF(E8-D8<Paramètres!$B$9,"B","C")) -> A
A9: 5 | B9: =INDEX(Articles!$B$5:$B$19,MATCH(C9,Articles!$V$5:$V$19,0)) -> Verres à vin | C9: =LARGE(Articles!$V$5:$V$19,A9) -> 11736 | D9: =C9/SUM($C$5:$C$19) -> 0.077012523 | E9: =SUM($D$5:D9) -> 0.59810041 | F9: =IF(E9-D9<Paramètres!$B$8,"A",IF(E9-D9<Paramètres!$B$9,"B","C")) -> A
A10: 6 | B10: =INDEX(Articles!$B$5:$B$19,MATCH(C10,Articles!$V$5:$V$19,0)) -> Couteaux | C10: =LARGE(Articles!$V$5:$V$19,A10) -> 9976 | D10: =C10/SUM($C$5:$C$19) -> 0.065463269 | E10: =SUM($D$5:D10) -> 0.66356368 | F10: =IF(E10-D10<Paramètres!$B$8,"A",IF(E10-D10<Paramètres!$B$9,"B","C")) -> A
A11: 7 | B11: =INDEX(Articles!$B$5:$B$19,MATCH(C11,Articles!$V$5:$V$19,0)) -> Housses de chaise | C11: =LARGE(Articles!$V$5:$V$19,A11) -> 9975 | D11: =C11/SUM($C$5:$C$19) -> 0.065456707 | E11: =SUM($D$5:D11) -> 0.72902039 | F11: =IF(E11-D11<Paramètres!$B$8,"A",IF(E11-D11<Paramètres!$B$9,"B","C")) -> A
A12: 8 | B12: =INDEX(Articles!$B$5:$B$19,MATCH(C12,Articles!$V$5:$V$19,0)) -> Fourchettes | C12: =LARGE(Articles!$V$5:$V$19,A12) -> 9555 | D12: =C12/SUM($C$5:$C$19) -> 0.062700635 | E12: =SUM($D$5:D12) -> 0.79172102 | F12: =IF(E12-D12<Paramètres!$B$8,"A",IF(E12-D12<Paramètres!$B$9,"B","C")) -> A
A13: 9 | B13: =INDEX(Articles!$B$5:$B$19,MATCH(C13,Articles!$V$5:$V$19,0)) -> Verres à eau | C13: =LARGE(Articles!$V$5:$V$19,A13) -> 7896 | D13: =C13/SUM($C$5:$C$19) -> 0.051814152 | E13: =SUM($D$5:D13) -> 0.84353517 | F13: =IF(E13-D13<Paramètres!$B$8,"A",IF(E13-D13<Paramètres!$B$9,"B","C")) -> A
A14: 10 | B14: =INDEX(Articles!$B$5:$B$19,MATCH(C14,Articles!$V$5:$V$19,0)) -> Chandelles | C14: =LARGE(Articles!$V$5:$V$19,A14) -> 7650 | D14: =C14/SUM($C$5:$C$19) -> 0.050199881 | E14: =SUM($D$5:D14) -> 0.89373505 | F14: =IF(E14-D14<Paramètres!$B$8,"A",IF(E14-D14<Paramètres!$B$9,"B","C")) -> B
A15: 11 | B15: =INDEX(Articles!$B$5:$B$19,MATCH(C15,Articles!$V$5:$V$19,0)) -> Flûtes à champagne | C15: =LARGE(Articles!$V$5:$V$19,A15) -> 5772 | D15: =C15/SUM($C$5:$C$19) -> 0.037876302 | E15: =SUM($D$5:D15) -> 0.93161136 | F15: =IF(E15-D15<Paramètres!$B$8,"A",IF(E15-D15<Paramètres!$B$9,"B","C")) -> B
A16: 12 | B16: =INDEX(Articles!$B$5:$B$19,MATCH(C16,Articles!$V$5:$V$19,0)) -> Bols à soupe | C16: =LARGE(Articles!$V$5:$V$19,A16) -> 3744 | D16: =C16/SUM($C$5:$C$19) -> 0.024568412 | E16: =SUM($D$5:D16) -> 0.95617977 | F16: =IF(E16-D16<Paramètres!$B$8,"A",IF(E16-D16<Paramètres!$B$9,"B","C")) -> B
... A19: 15 | B19: =INDEX(Articles!$B$5:$B$19,MATCH(C19,Articles!$V$5:$V$19,0)) -> Serviettes en papier (100) | C19: =LARGE(Articles!$V$5:$V$19,A19) -> 1385.8 | D19: =C19/SUM($C$5:$C$19) -> 0.0090937248 | E19: =SUM($D$5:D19) -> 1 | F19: =IF(E19-D19<Paramètres!$B$8,"A",IF(E19-D19<Paramètres!$B$9,"B","C")) -> C

Sheet Synthèse
A1: Synthèse pour les graphiques
A2: Petits tableaux calculés automatiquement. Ne pas modifier.
A4: Statut | B4: Nombre d'articles | D4: Catégorie | E4: Valeur du stock ($) | G4: Mois | H4: Valeur des sorties ($)
A5: Rupture | B5: =COUNTIF(Articles!$R$5:$R$19,A5) -> 1 | D5: Linge | E5: =SUMIF(Articles!$C$5:$C$19,D5,Articles!$U$5:$U$19) -> 8139 | G5: Janv. | H5: =SUMPRODUCT(Articles!G$5:G$19,Articles!$D$5:$D$19) -> 9113.2
A6: À commander | B6: =COUNTIF(Articles!$R$5:$R$19,A6) -> 4 | D6: Vaisselle | E6: =SUMIF(Articles!$C$5:$C$19,D6,Articles!$U$5:$U$19) -> 14308 | G6: Févr. | H6: =SUMPRODUCT(Articles!H$5:H$19,Articles!$D$5:$D$19) -> 8457.5
A7: OK | B7: =COUNTIF(Articles!$R$5:$R$19,A7) -> 7 | D7: Verrerie | E7: =SUMIF(Articles!$C$5:$C$19,D7,Articles!$U$5:$U$19) -> 2809 | G7: Mars | H7: =SUMPRODUCT(Articles!I$5:I$19,Articles!$D$5:$D$19) -> 10172
A8: Surstock | B8: =COUNTIF(Articles!$R$5:$R$19,A8) -> 3 | D8: Consommables | E8: =SUMIF(Articles!$C$5:$C$19,D8,Articles!$U$5:$U$19) -> 3929 | G8: Avr. | H8: =SUMPRODUCT(Articles!J$5:J$19,Articles!$D$5:$D$19) -> 13395.5
D9: Entretien | E9: =SUMIF(Articles!$C$5:$C$19,D9,Articles!$U$5:$U$19) -> 0 | G9: Mai | H9: =SUMPRODUCT(Articles!K$5:K$19,Articles!$D$5:$D$19) -> 16429.4
G10: Juin | H10: =SUMPRODUCT(Articles!L$5:L$19,Articles!$D$5:$D$19) -> 18627.8
